appVersion,topic_label,count
2.6.0.813,Ads and Premium Upsell,1
3.5.0.963,Shuffle Algorithm,1
5.6.0.701,Offline Mode Not Working,1
7.5.0.1076,General App Dissatisfaction,1
8.4.0.539,General App Dissatisfaction,1
8.4.11.1283,General App Dissatisfaction,1
8.4.29.289,AI DJ and AI Artists,1
8.4.4.810,Ads and Premium Upsell,1
8.4.81.558,Offline Mode Not Working,1
8.4.84.874,General App Dissatisfaction,2
8.5.10.774,General App Dissatisfaction,1
8.5.32.889,Liked Songs Disappearing,1
8.5.59.1137,Subscription and Payment Issues,1
8.5.88.883,Ads and Premium Upsell,1
8.5.89.901,App Crashes and Bugs,1
8.5.89.901,Payment Not Processed,1
8.5.89.901,Subscription and Payment Issues,1
8.6.2.774,App Crashes and Bugs,1
8.6.20.1063,App Crashes and Bugs,1
8.6.20.1063,Podcast Playback Issues,1
8.6.24.918,AI DJ and AI Artists,1
8.6.30.889,Ads and Premium Upsell,1
8.6.30.889,App Slowness and Lag,1
8.6.32.925,Ads and Premium Upsell,1
8.6.34.749,AI DJ and AI Artists,1
8.6.36.1070,AI DJ and AI Artists,1
8.6.4.971,General App Dissatisfaction,1
8.6.42.671,General App Dissatisfaction,2
8.6.46.886,Ads and Premium Upsell,1
8.6.46.886,General App Dissatisfaction,1
8.6.48.796,General App Dissatisfaction,2
8.6.52.916,Offline Mode Not Working,1
8.6.54.818,General App Dissatisfaction,1
8.6.60.1126,App Crashes and Bugs,1
8.6.66.1238,General App Dissatisfaction,1
8.6.72.1121,Ads and Premium Upsell,1
8.6.74.1176,AI DJ and AI Artists,1
8.6.74.1176,General App Dissatisfaction,2
8.6.78.266,Cannot Choose Songs on Free,1
8.6.82.1113,General App Dissatisfaction,1
8.6.82.1113,Offline Mode Not Working,1
8.6.84.1240,App Crashes and Bugs,1
8.6.88.1104,Ads and Premium Upsell,1
8.6.88.1104,General App Dissatisfaction,2
8.6.94.306,AI DJ and AI Artists,1
8.6.96.422,App Crashes and Bugs,1
8.7.0.1154,Cannot Reorder Playlist,1
8.7.20.1261,Podcast Playback Issues,1
8.7.24.1111,Ads and Premium Upsell,1
8.7.28.1217,General App Dissatisfaction,1
8.7.28.1217,Login and Account Issues,1
8.7.28.1217,Offline Mode Not Working,1
8.7.32.1554,General App Dissatisfaction,3
8.7.36.905,Ads and Premium Upsell,1
8.7.38.666,Ads and Premium Upsell,1
8.7.38.671,Ads and Premium Upsell,1
8.7.4.1056,General App Dissatisfaction,1
8.7.42.943,App Slowness and Lag,1
8.7.42.943,General App Dissatisfaction,1
8.7.44.968,General App Dissatisfaction,1
8.7.44.968,Search Function Issues,1
8.7.48.1058,Subscription and Payment Issues,1
8.7.48.1058,Widget Issues,1
8.7.48.1062,General App Dissatisfaction,2
8.7.52.1010,General App Dissatisfaction,3
8.7.54.403,Ads and Premium Upsell,1
8.7.54.403,App Crashes and Bugs,1
8.7.56.421,Ads and Premium Upsell,2
8.7.56.421,General App Dissatisfaction,1
8.7.6.1083,Ads and Premium Upsell,1
8.7.64.478,Premium Pricing and Ads,1
8.7.66.534,General App Dissatisfaction,1
8.7.68.568,Ads and Premium Upsell,3
8.7.68.568,Missing Lossless Audio,1
8.7.68.568,Podcast Playback Issues,1
8.7.70.553,Ads on Premium and Podcasts,1
8.7.72.546,AI DJ and AI Artists,2
8.7.72.546,Ads and Premium Upsell,1
8.7.74.443,Ads and Premium Upsell,1
8.7.76.359,Ads and Premium Upsell,1
8.7.78.373,General App Dissatisfaction,1
8.7.78.383,App Crashes and Bugs,1
8.7.82.94,App Getting Worse with Updates,1
8.7.84.382,Payment Not Processed,1
8.7.84.382,Subscription and Payment Issues,1
8.7.86.422,Subscription and Payment Issues,2
8.7.88.496,General App Dissatisfaction,1
8.7.88.496,Login and Account Issues,1
8.7.90.544,General App Dissatisfaction,1
8.7.92.521,Ads and Premium Upsell,2
8.7.92.521,App Crashes and Bugs,1
8.7.92.521,App Getting Worse with Updates,1
8.7.92.521,General App Dissatisfaction,2
8.7.92.521,Widget Issues,1
8.8.0.347,App Crashes and Bugs,1
8.8.0.347,General App Dissatisfaction,1
8.8.12.545,Ads and Premium Upsell,2
8.8.12.545,General App Dissatisfaction,1
8.8.14.575,AI DJ and AI Artists,1
8.8.14.575,App Crashes and Bugs,1
8.8.14.575,General App Dissatisfaction,2
8.8.16.615,Ads and Premium Upsell,1
8.8.16.615,General App Dissatisfaction,2
8.8.2.434,General App Dissatisfaction,1
8.8.22.510,Ads and Premium Upsell,1
8.8.22.510,False Offline Status,1
8.8.22.510,Free Version Too Restricted,1
8.8.22.510,General App Dissatisfaction,1
8.8.26.408,General App Dissatisfaction,1
8.8.28.409,Ads and Premium Upsell,1
8.8.28.409,Widget Issues,1
8.8.32.508,Ads and Premium Upsell,1
8.8.36.522,Login and Account Issues,1
8.8.36.522,Widget Issues,1
8.8.4.518,Ads and Premium Upsell,1
8.8.40.470,Ads and Premium Upsell,1
8.8.40.470,General App Dissatisfaction,2
8.8.40.470,Subscription and Payment Issues,1
8.8.44.527,General App Dissatisfaction,1
8.8.46.529,Ads and Premium Upsell,1
8.8.50.466,Ads and Premium Upsell,1
8.8.52.458,General App Dissatisfaction,1
8.8.54.481,General App Dissatisfaction,2
8.8.56.538,Ads and Premium Upsell,1
8.8.58.473,Ads and Premium Upsell,2
8.8.58.473,General App Dissatisfaction,2
8.8.58.473,Podcast Playback Issues,1
8.8.6.472,Missing or Wrong Lyrics,1
8.8.6.472,Offline Mode Not Working,1
8.8.62.491,General App Dissatisfaction,1
8.8.62.491,Subscription and Payment Issues,2
8.8.64.554,General App Dissatisfaction,2
8.8.66.563,General App Dissatisfaction,2
8.8.66.563,Podcast Playback Issues,1
8.8.68.565,Ads and Premium Upsell,1
8.8.70.532,General App Dissatisfaction,1
8.8.70.532,Subscription and Payment Issues,1
8.8.72.630,Ads and Premium Upsell,1
8.8.74.652,General App Dissatisfaction,2
8.8.76.667,App Crashes and Bugs,1
8.8.76.667,General App Dissatisfaction,2
8.8.76.667,Login and Account Issues,1
8.8.76.667,Offline Mode Not Working,1
8.8.76.667,Payment Not Processed,1
8.8.76.667,Premium Pricing and Ads,1
8.8.78.587,App Crashes and Bugs,1
8.8.78.587,General App Dissatisfaction,1
8.8.80.599,AI DJ and AI Artists,1
8.8.80.599,Ads and Premium Upsell,3
8.8.80.599,General App Dissatisfaction,2
8.8.80.599,Skip Limit on Free,1
8.8.80.599,Widget Issues,1
8.8.82.634,Ads and Premium Upsell,2
8.8.82.634,Audiobook Issues,1
8.8.82.634,General App Dissatisfaction,2
8.8.88.397,General App Dissatisfaction,1
8.8.88.397,Login and Account Issues,1
8.8.90.893,General App Dissatisfaction,1
8.8.90.893,Login and Account Issues,1
8.8.90.893,Subscription and Payment Issues,1
8.8.92.700,AI DJ and AI Artists,1
8.8.92.700,Ads and Premium Upsell,2
8.8.92.700,General App Dissatisfaction,1
8.8.96.364,Ads and Premium Upsell,2
8.8.96.364,Bluetooth and Car Integration,1
8.8.96.364,False Offline Status,1
8.8.96.364,General App Dissatisfaction,4
8.8.96.364,Offline Mode Not Working,1
8.8.96.364,Subscription and Payment Issues,1
8.9.10.616,General App Dissatisfaction,1
8.9.12.599,Excessive Ads Frequency,1
8.9.12.599,Subscription and Payment Issues,1
8.9.14.543,Ads and Premium Upsell,1
8.9.16.593,Ads and Premium Upsell,2
8.9.16.593,App Crashes and Bugs,2
8.9.16.593,General App Dissatisfaction,1
8.9.18.512,Ads and Premium Upsell,1
8.9.18.512,App Crashes and Bugs,1
8.9.20.574,General App Dissatisfaction,3
8.9.22.539,Ads and Premium Upsell,1
8.9.22.539,Shuffle Algorithm,1
8.9.24.633,Ads and Premium Upsell,3
8.9.24.633,General App Dissatisfaction,1
8.9.24.633,Subscription and Payment Issues,1
8.9.26.583,AI DJ and AI Artists,1
8.9.26.592,AI DJ and AI Artists,1
8.9.26.592,Ads and Premium Upsell,1
8.9.26.592,App Slowness and Lag,1
8.9.26.592,Forced to Pay for Features,1
8.9.26.592,General App Dissatisfaction,1
8.9.26.592,Subscription and Payment Issues,1
8.9.30.433,General App Dissatisfaction,1
8.9.32.624,General App Dissatisfaction,1
8.9.34.590,AI DJ and AI Artists,1
8.9.34.590,Ads and Premium Upsell,1
8.9.34.590,General App Dissatisfaction,1
8.9.36.616,AI DJ and AI Artists,1
8.9.36.616,Ads and Premium Upsell,2
8.9.36.616,General App Dissatisfaction,1
8.9.36.616,Playlist Management Issues,1
8.9.38.494,Ads and Premium Upsell,2
8.9.4.304,Ads and Premium Upsell,1
8.9.4.304,App Crashes and Bugs,2
8.9.4.304,General App Dissatisfaction,1
8.9.4.304,Subscription and Payment Issues,1
8.9.40.509,Shuffle Algorithm,1
8.9.44.368,General App Dissatisfaction,3
8.9.44.368,Shuffle Algorithm,1
8.9.46.426,Ads and Premium Upsell,1
8.9.46.426,App Crashes and Bugs,1
8.9.46.426,General App Dissatisfaction,3
8.9.48.575,Ads and Premium Upsell,1
8.9.48.575,General App Dissatisfaction,1
8.9.48.575,Subscription and Payment Issues,1
8.9.50.552,Ads and Premium Upsell,2
8.9.52.552,Ads and Premium Upsell,1
8.9.52.552,App Crashes and Bugs,1
8.9.52.552,App Slowness and Lag,1
8.9.52.552,General App Dissatisfaction,3
8.9.56.618,General App Dissatisfaction,2
8.9.56.618,Playlist Management Issues,1
8.9.58.572,App Crashes and Bugs,1
8.9.58.572,Premium Pricing and Ads,1
8.9.6.458,General App Dissatisfaction,3
8.9.60.560,Ads and Premium Upsell,1
8.9.62.566,Ads and Premium Upsell,1
8.9.62.566,General App Dissatisfaction,2
8.9.64.548,General App Dissatisfaction,1
8.9.66.543,Ads and Premium Upsell,1
8.9.68.456,Ads and Premium Upsell,1
8.9.68.456,Bluetooth and Car Integration,1
8.9.68.456,General App Dissatisfaction,5
8.9.68.456,Shuffle Algorithm,1
8.9.70.556,Ads and Premium Upsell,1
8.9.70.556,App Slowness and Lag,1
8.9.70.556,General App Dissatisfaction,1
8.9.74.568,Ads and Premium Upsell,1
8.9.74.568,General App Dissatisfaction,1
8.9.74.568,Payment Not Processed,1
8.9.74.568,Subscription and Payment Issues,1
8.9.76.538,Ads and Premium Upsell,1
8.9.76.538,App Crashes and Bugs,1
8.9.76.538,General App Dissatisfaction,3
8.9.78.513,Ads and Premium Upsell,2
8.9.78.513,General App Dissatisfaction,3
8.9.8.545,App Crashes and Bugs,1
8.9.80.581,Subscription and Payment Issues,1
8.9.82.620,Ads and Premium Upsell,3
8.9.82.620,General App Dissatisfaction,1
8.9.84.594,Podcast Playback Issues,1
8.9.86.542,App Crashes and Bugs,1
8.9.86.551,Ads and Premium Upsell,1
8.9.86.551,App Crashes and Bugs,1
8.9.86.551,General App Dissatisfaction,3
8.9.86.551,Subscription and Payment Issues,1
8.9.90.127,Ads and Premium Upsell,1
8.9.90.127,App Crashes and Bugs,1
8.9.90.127,General App Dissatisfaction,4
8.9.92.408,Ads and Premium Upsell,1
8.9.92.408,General App Dissatisfaction,2
8.9.92.408,Podcast Playback Issues,1
8.9.94.470,Ads and Premium Upsell,2
8.9.94.470,General App Dissatisfaction,2
8.9.96.476,AI DJ and AI Artists,1
8.9.96.476,Ads and Premium Upsell,1
8.9.96.476,General App Dissatisfaction,2
8.9.96.476,Offline Mode Not Working,1
8.9.96.476,Premium Pricing and Ads,1
8.9.98.488,Ads and Premium Upsell,1
8.9.98.488,App Crashes and Bugs,1
9.0.0.487,Ads and Premium Upsell,3
9.0.10.415,Ads and Premium Upsell,1
9.0.10.415,App Crashes and Bugs,1
9.0.10.415,General App Dissatisfaction,1
9.0.10.415,Subscription and Payment Issues,1
9.0.12.567,Ads and Premium Upsell,2
9.0.12.567,Ads on Premium and Podcasts,1
9.0.14.561,Ads and Premium Upsell,1
9.0.14.561,Forced to Pay for Features,1
9.0.14.561,General App Dissatisfaction,4
9.0.16.572,Ads and Premium Upsell,2
9.0.16.572,App Slowness and Lag,1
9.0.16.572,General App Dissatisfaction,2
9.0.18.604,Ads and Premium Upsell,4
9.0.18.604,App Crashes and Bugs,2
9.0.18.604,Cannot Reorder Playlist,1
9.0.18.604,General App Dissatisfaction,1
9.0.18.604,Premium Pricing and Ads,1
9.0.2.459,Ads and Premium Upsell,6
9.0.2.459,App Crashes and Bugs,1
9.0.2.459,General App Dissatisfaction,5
9.0.2.459,Login and Account Issues,2
9.0.2.459,Subscription and Payment Issues,1
9.0.20.604,Ads and Premium Upsell,2
9.0.20.604,App Crashes and Bugs,2
9.0.20.604,General App Dissatisfaction,2
9.0.20.604,Queue Management Issues,1
9.0.20.604,Subscription Cancellation Issues,1
9.0.20.604,Subscription and Payment Issues,1
9.0.22.543,App Crashes and Bugs,1
9.0.22.543,General App Dissatisfaction,1
9.0.24.601,Excessive Ads Frequency,1
9.0.24.601,General App Dissatisfaction,1
9.0.26.632,Ads and Premium Upsell,4
9.0.26.632,General App Dissatisfaction,2
9.0.26.632,Login and Account Issues,1
9.0.28.630,Ads and Premium Upsell,1
9.0.28.630,App Slowness and Lag,1
9.0.28.630,General App Dissatisfaction,2
9.0.28.630,Premium Pricing and Ads,1
9.0.30.642,Ads and Premium Upsell,2
9.0.30.642,General App Dissatisfaction,1
9.0.32.624,Ads and Premium Upsell,3
9.0.32.624,App Crashes and Bugs,1
9.0.32.624,General App Dissatisfaction,2
9.0.32.624,Shuffle Algorithm,1
9.0.32.624,Skip Limit on Free,1
9.0.34.593,Ads and Premium Upsell,4
9.0.34.593,App Crashes and Bugs,1
9.0.34.593,General App Dissatisfaction,4
9.0.36.697,AI DJ and AI Artists,1
9.0.36.697,Ads and Premium Upsell,4
9.0.36.697,App Crashes and Bugs,1
9.0.36.697,General App Dissatisfaction,1
9.0.40.386,General App Dissatisfaction,1
9.0.40.391,App Slowness and Lag,1
9.0.40.391,General App Dissatisfaction,1
9.0.42.529,AI DJ and AI Artists,1
9.0.42.529,Ads and Premium Upsell,4
9.0.42.529,General App Dissatisfaction,2
9.0.44.478,Ads and Premium Upsell,3
9.0.44.478,App Crashes and Bugs,1
9.0.44.478,Cannot Choose Songs on Free,1
9.0.44.478,General App Dissatisfaction,2
9.0.44.478,Subscription Cancellation Issues,1
9.0.46.496,Ads and Premium Upsell,2
9.0.46.496,General App Dissatisfaction,2
9.0.48.380,Ads and Premium Upsell,3
9.0.48.380,Cannot Choose Songs on Free,1
9.0.48.380,General App Dissatisfaction,3
9.0.50.416,Ads and Premium Upsell,3
9.0.50.416,General App Dissatisfaction,3
9.0.50.416,Subscription and Payment Issues,1
9.0.52.505,Ads and Premium Upsell,1
9.0.52.505,App Crashes and Bugs,1
9.0.54.518,AI DJ and AI Artists,1
9.0.54.518,Ads and Premium Upsell,3
9.0.54.518,Ads on Premium and Podcasts,1
9.0.54.518,App Crashes and Bugs,1
9.0.54.518,General App Dissatisfaction,2
9.0.54.80,General App Dissatisfaction,1
9.0.56.591,Ads and Premium Upsell,4
9.0.56.591,App Crashes and Bugs,1
9.0.56.591,App Force Closing in Background,1
9.0.56.591,General App Dissatisfaction,8
9.0.56.591,Login and Account Issues,1
9.0.58.596,AI DJ and AI Artists,1
9.0.58.596,Ads and Premium Upsell,3
9.0.58.596,Family and Duo Plan Issues,1
9.0.58.596,General App Dissatisfaction,1
9.0.58.596,Premium Pricing and Ads,1
9.0.58.596,Shuffle Algorithm,1
9.0.60.614,AI DJ and AI Artists,1
9.0.60.614,Ads and Premium Upsell,2
9.0.60.614,General App Dissatisfaction,1
9.0.62.622,Ads and Premium Upsell,4
9.0.62.622,False Offline Status,1
9.0.62.622,General App Dissatisfaction,5
9.0.62.622,Login and Account Issues,1
9.0.64.608,Ads and Premium Upsell,1
9.0.64.608,App Crashes and Bugs,1
9.0.64.608,General App Dissatisfaction,3
9.0.66.655,Ads and Premium Upsell,1
9.0.66.655,App Crashes and Bugs,1
9.0.66.655,General App Dissatisfaction,5
9.0.66.655,Shuffle Algorithm,2
9.0.68.613,AI DJ and AI Artists,1
9.0.68.613,Shuffle Algorithm,1
9.0.68.632,Ads and Premium Upsell,4
9.0.68.632,App Crashes and Bugs,1
9.0.68.632,General App Dissatisfaction,7
9.0.72.967,Ads and Premium Upsell,1
9.0.72.967,General App Dissatisfaction,1
9.0.72.967,Subscription and Payment Issues,1
9.0.74.1121,AI DJ and AI Artists,1
9.0.74.1121,Ads and Premium Upsell,4
9.0.74.1121,General App Dissatisfaction,1
9.0.74.1121,Widget Issues,1
9.0.76.1126,App Crashes and Bugs,2
9.0.76.1126,General App Dissatisfaction,2
9.0.76.1126,Login and Account Issues,1
9.0.76.1126,Premium Pricing and Ads,1
9.0.76.1126,Subscription and Payment Issues,2
9.0.78.1116,AI DJ and AI Artists,1
9.0.78.1116,Ads and Premium Upsell,4
9.0.78.1116,General App Dissatisfaction,1
9.0.78.1116,Offline Mode Not Working,1
9.0.78.1116,Subscription and Payment Issues,1
9.0.78.1116,Widget Issues,1
9.0.8.127,Ads and Premium Upsell,1
9.0.8.127,App Crashes and Bugs,1
9.0.8.127,App Slowness and Lag,1
9.0.8.127,General App Dissatisfaction,1
9.0.8.127,Skip Limit on Free,1
9.0.80.1320,Chromecast and Device Casting,1
9.0.80.1343,Ads and Premium Upsell,2
9.0.80.1343,Forced to Pay for Features,2
9.0.80.1343,General App Dissatisfaction,4
9.0.80.1343,Login and Account Issues,2
9.0.82.1032,Ads and Premium Upsell,3
9.0.82.1032,General App Dissatisfaction,2
9.0.82.1032,Subscription and Payment Issues,1
9.0.84.1313,General App Dissatisfaction,1
9.0.84.1340,AI DJ and AI Artists,1
9.0.84.1340,Ads and Premium Upsell,1
9.0.84.1340,General App Dissatisfaction,1
9.0.86.1357,Ads and Premium Upsell,1
9.0.86.1357,General App Dissatisfaction,1
9.0.86.1358,Ads and Premium Upsell,3
9.0.86.1358,General App Dissatisfaction,8
9.0.86.1358,Subscription and Payment Issues,2
9.0.88.1405,Ads and Premium Upsell,1
9.0.88.1405,Excessive Ads Frequency,1
9.0.88.1405,Free Version Too Restricted,1
9.0.88.1405,General App Dissatisfaction,1
9.0.88.1405,Search Function Issues,1
9.0.90.1213,App Getting Worse with Updates,1
9.0.90.1229,Ads and Premium Upsell,1
9.0.90.1229,App Crashes and Bugs,2
9.0.90.1229,App Slowness and Lag,1
9.0.90.1229,Chromecast and Device Casting,1
9.0.90.1229,General App Dissatisfaction,9
9.0.90.1229,Offline Mode Not Working,1
9.0.90.1229,Subscription and Payment Issues,1
9.0.94.274,Ads and Premium Upsell,8
9.0.94.274,App Crashes and Bugs,2
9.0.94.274,Forced to Pay for Features,1
9.0.94.274,General App Dissatisfaction,8
9.0.94.274,Login and Account Issues,1
9.0.94.274,Missing New Releases Feature,1
9.0.94.274,Poor Music Recommendations,1
9.0.94.274,Shuffle Algorithm,1
9.0.94.274,Subscription and Payment Issues,2
9.0.96.826,AI DJ and AI Artists,1
9.0.96.826,Ads and Premium Upsell,5
9.0.96.826,App Crashes and Bugs,1
9.0.96.826,Excessive Ads Frequency,1
9.0.96.826,General App Dissatisfaction,4
9.0.96.826,Offline Mode Not Working,1
9.0.96.826,Shuffle Algorithm,1
9.0.96.826,Subscription and Payment Issues,2
9.0.98.1187,Ads and Premium Upsell,1
9.0.98.1187,App Crashes and Bugs,1
9.0.98.1187,General App Dissatisfaction,1
9.1.0.1147,AI DJ and AI Artists,2
9.1.0.1147,Ads and Premium Upsell,10
9.1.0.1147,App Crashes and Bugs,2
9.1.0.1147,App Getting Worse with Updates,1
9.1.0.1147,App Slowness and Lag,1
9.1.0.1147,Audiobook Issues,1
9.1.0.1147,Bluetooth and Car Integration,1
9.1.0.1147,False Offline Status,1
9.1.0.1147,Forced to Pay for Features,2
9.1.0.1147,General App Dissatisfaction,15
9.1.0.1147,Payment Not Processed,1
9.1.0.1147,Shuffle Algorithm,1
9.1.0.1147,Skip Limit on Free,1
9.1.0.1147,Subscription and Payment Issues,2
9.1.0.1147,Widget Issues,1
9.1.12.226,AI DJ and AI Artists,1
9.1.12.226,Ads and Premium Upsell,8
9.1.12.226,App Crashes and Bugs,1
9.1.12.226,Audiobook Issues,1
9.1.12.226,Excessive Ads Frequency,1
9.1.12.226,General App Dissatisfaction,7
9.1.12.226,Shuffle Algorithm,1
9.1.12.226,Subscription and Payment Issues,1
9.1.14.864,AI DJ and AI Artists,1
9.1.14.864,Ads and Premium Upsell,7
9.1.14.864,App Crashes and Bugs,1
9.1.14.864,Excessive Ads Frequency,1
9.1.14.864,Forced to Pay for Features,1
9.1.14.864,General App Dissatisfaction,7
9.1.14.864,Offline Mode Not Working,1
9.1.14.864,Playlist Management Issues,1
9.1.14.864,Premium Pricing and Ads,1
9.1.14.864,Subscription and Payment Issues,1
9.1.16.1450,Ads and Premium Upsell,12
9.1.16.1450,Ads on Premium and Podcasts,1
9.1.16.1450,App Crashes and Bugs,2
9.1.16.1450,App Won't Load or Connect,1
9.1.16.1450,Charged During Free Trial,1
9.1.16.1450,Forced to Pay for Features,1
9.1.16.1450,General App Dissatisfaction,17
9.1.16.1450,Login and Account Issues,1
9.1.16.1450,Missing or Wrong Lyrics,1
9.1.16.1450,Offline Mode Not Working,2
9.1.16.1450,Premium Pricing and Ads,1
9.1.18.1504,AI DJ and AI Artists,1
9.1.18.1504,Ads and Premium Upsell,9
9.1.18.1504,Ads on Premium and Podcasts,1
9.1.18.1504,App Crashes and Bugs,1
9.1.18.1504,Forced to Pay for Features,1
9.1.18.1504,General App Dissatisfaction,14
9.1.18.1504,Offline Mode Not Working,1
9.1.18.1504,Shuffle Algorithm,3
9.1.18.1504,Subscription and Payment Issues,1
9.1.2.1253,AI DJ and AI Artists,2
9.1.2.1253,Ads and Premium Upsell,6
9.1.2.1253,Ads on Premium and Podcasts,1
9.1.2.1253,Forced to Pay for Features,1
9.1.2.1253,Free Version Too Restricted,1
9.1.2.1253,General App Dissatisfaction,7
9.1.2.1253,Login and Account Issues,2
9.1.2.1253,Shuffle Algorithm,2
9.1.20.1452,AI DJ and AI Artists,2
9.1.20.1452,Ads and Premium Upsell,14
9.1.20.1452,Ads on Premium and Podcasts,1
9.1.20.1452,App Crashes and Bugs,3
9.1.20.1452,False Offline Status,1
9.1.20.1452,Forced to Pay for Features,1
9.1.20.1452,General App Dissatisfaction,25
9.1.20.1452,Payment Not Processed,1
9.1.20.1452,Podcast Playback Issues,1
9.1.20.1452,Premium Pricing and Ads,2
9.1.20.1452,Subscription Cancellation Issues,1
9.1.20.1452,Subscription and Payment Issues,3
9.1.20.277,General App Dissatisfaction,1
9.1.22.1630,AI DJ and AI Artists,6
9.1.22.1630,Ads and Premium Upsell,50
9.1.22.1630,App Crashes and Bugs,6
9.1.22.1630,App Won't Load or Connect,1
9.1.22.1630,Audiobook Issues,1
9.1.22.1630,Bluetooth and Car Integration,1
9.1.22.1630,Cannot Choose Songs on Free,3
9.1.22.1630,Charged During Free Trial,1
9.1.22.1630,Excessive Ads Frequency,2
9.1.22.1630,Forced to Pay for Features,4
9.1.22.1630,General App Dissatisfaction,32
9.1.22.1630,Login and Account Issues,2
9.1.22.1630,Missing New Releases Feature,1
9.1.22.1630,Missing or Wrong Lyrics,1
9.1.22.1630,Payment Not Processed,2
9.1.22.1630,Playlist Management Issues,1
9.1.22.1630,Podcast Playback Issues,1
9.1.22.1630,Premium Pricing and Ads,1
9.1.22.1630,Price Increase Complaints,1
9.1.22.1630,Queue Management Issues,1
9.1.22.1630,Shuffle Algorithm,3
9.1.22.1630,Subscription Cancellation Issues,1
9.1.22.1630,Subscription and Payment Issues,6
9.1.22.1630,Unwanted Videos on Home Screen,1
9.1.24.1723,Ads and Premium Upsell,1
9.1.24.1723,General App Dissatisfaction,1
9.1.24.1723,Podcast Playback Issues,1
9.1.24.1739,AI DJ and AI Artists,55
9.1.24.1739,Ads and Premium Upsell,282
9.1.24.1739,Ads on Premium and Podcasts,8
9.1.24.1739,App Crashes and Bugs,52
9.1.24.1739,App Force Closing in Background,2
9.1.24.1739,App Getting Worse with Updates,1
9.1.24.1739,App Slowness and Lag,4
9.1.24.1739,App Won't Load or Connect,1
9.1.24.1739,Audiobook Issues,6
9.1.24.1739,Bluetooth and Car Integration,11
9.1.24.1739,Cannot Choose Songs on Free,8
9.1.24.1739,Cannot Reorder Playlist,2
9.1.24.1739,Charged During Free Trial,3
9.1.24.1739,Chromecast and Device Casting,2
9.1.24.1739,Excessive Ads Frequency,6
9.1.24.1739,False Offline Status,11
9.1.24.1739,Family and Duo Plan Issues,1
9.1.24.1739,Forced to Pay for Features,17
9.1.24.1739,Free Version Too Restricted,3
9.1.24.1739,General App Dissatisfaction,399
9.1.24.1739,Liked Songs Disappearing,10
9.1.24.1739,Login and Account Issues,9
9.1.24.1739,Missing Lossless Audio,2
9.1.24.1739,Missing or Wrong Lyrics,3
9.1.24.1739,Offline Mode Not Working,16
9.1.24.1739,Payment Not Processed,6
9.1.24.1739,Playlist Management Issues,7
9.1.24.1739,Podcast Playback Issues,28
9.1.24.1739,Poor Music Recommendations,3
9.1.24.1739,Premium Pricing and Ads,11
9.1.24.1739,Price Increase Complaints,7
9.1.24.1739,Queue Management Issues,3
9.1.24.1739,Shuffle Algorithm,45
9.1.24.1739,Skip Limit on Free,4
9.1.24.1739,Subscription Cancellation Issues,3
9.1.24.1739,Subscription and Payment Issues,21
9.1.24.1739,Unwanted Videos on Home Screen,4
9.1.24.1739,Widget Issues,1
9.1.26.2265,Ads and Premium Upsell,1
9.1.26.2265,General App Dissatisfaction,1
9.1.26.2279,AI DJ and AI Artists,1
9.1.26.2279,Audiobook Issues,1
9.1.26.2279,Bluetooth and Car Integration,1
9.1.26.2279,Forced to Pay for Features,1
9.1.26.2279,General App Dissatisfaction,3
9.1.26.2279,Podcast Playback Issues,2
9.1.26.2279,Queue Management Issues,1
9.1.28.2249,App Crashes and Bugs,1
9.1.28.2249,General App Dissatisfaction,4
9.1.28.2249,Login and Account Issues,1
9.1.28.2252,AI DJ and AI Artists,15
9.1.28.2252,Ads and Premium Upsell,154
9.1.28.2252,Ads on Premium and Podcasts,4
9.1.28.2252,App Crashes and Bugs,23
9.1.28.2252,App Getting Worse with Updates,1
9.1.28.2252,App Slowness and Lag,1
9.1.28.2252,Audiobook Issues,3
9.1.28.2252,Bluetooth and Car Integration,7
9.1.28.2252,Cannot Choose Songs on Free,6
9.1.28.2252,Cannot Reorder Playlist,2
9.1.28.2252,Charged During Free Trial,1
9.1.28.2252,Chromecast and Device Casting,1
9.1.28.2252,Excessive Ads Frequency,5
9.1.28.2252,False Offline Status,4
9.1.28.2252,Family and Duo Plan Issues,2
9.1.28.2252,Forced to Pay for Features,10
9.1.28.2252,Free Version Too Restricted,1
9.1.28.2252,General App Dissatisfaction,189
9.1.28.2252,Login and Account Issues,3
9.1.28.2252,Missing Lossless Audio,2
9.1.28.2252,Missing New Releases Feature,1
9.1.28.2252,Missing or Wrong Lyrics,3
9.1.28.2252,Offline Mode Not Working,5
9.1.28.2252,Payment Not Processed,4
9.1.28.2252,Playlist Management Issues,2
9.1.28.2252,Podcast Playback Issues,2
9.1.28.2252,Poor Music Recommendations,3
9.1.28.2252,Premium Pricing and Ads,7
9.1.28.2252,Search Function Issues,1
9.1.28.2252,Shuffle Algorithm,21
9.1.28.2252,Skip Limit on Free,3
9.1.28.2252,Subscription Cancellation Issues,1
9.1.28.2252,Subscription and Payment Issues,17
9.1.28.2252,Unwanted Videos on Home Screen,2
9.1.28.2252,Widget Issues,1
9.1.30.1993,AI DJ and AI Artists,18
9.1.30.1993,Ads and Premium Upsell,130
9.1.30.1993,Ads on Premium and Podcasts,6
9.1.30.1993,App Crashes and Bugs,25
9.1.30.1993,App Force Closing in Background,2
9.1.30.1993,App Slowness and Lag,2
9.1.30.1993,Audiobook Issues,1
9.1.30.1993,Bluetooth and Car Integration,4
9.1.30.1993,Cannot Choose Songs on Free,3
9.1.30.1993,Chromecast and Device Casting,1
9.1.30.1993,Excessive Ads Frequency,1
9.1.30.1993,False Offline Status,2
9.1.30.1993,Forced to Pay for Features,8
9.1.30.1993,Free Version Too Restricted,1
9.1.30.1993,General App Dissatisfaction,201
9.1.30.1993,Liked Songs Disappearing,1
9.1.30.1993,Login and Account Issues,6
9.1.30.1993,Missing Lossless Audio,1
9.1.30.1993,Missing New Releases Feature,3
9.1.30.1993,Missing or Wrong Lyrics,1
9.1.30.1993,Offline Mode Not Working,4
9.1.30.1993,Playlist Management Issues,4
9.1.30.1993,Podcast Playback Issues,9
9.1.30.1993,Poor Music Recommendations,1
9.1.30.1993,Premium Pricing and Ads,10
9.1.30.1993,Price Increase Complaints,2
9.1.30.1993,Search Function Issues,1
9.1.30.1993,Shuffle Algorithm,15
9.1.30.1993,Skip Limit on Free,1
9.1.30.1993,Subscription Cancellation Issues,2
9.1.30.1993,Subscription and Payment Issues,23
9.1.30.1993,Unwanted Videos on Home Screen,3
9.1.30.1993,Widget Issues,1
9.1.32.2056,AI DJ and AI Artists,1
9.1.32.2056,Ads and Premium Upsell,2
9.1.32.2056,App Crashes and Bugs,4
9.1.32.2056,General App Dissatisfaction,3
9.1.32.2083,AI DJ and AI Artists,21
9.1.32.2083,Ads and Premium Upsell,211
9.1.32.2083,Ads on Premium and Podcasts,6
9.1.32.2083,App Crashes and Bugs,34
9.1.32.2083,App Getting Worse with Updates,1
9.1.32.2083,App Slowness and Lag,4
9.1.32.2083,Audiobook Issues,4
9.1.32.2083,Bluetooth and Car Integration,3
9.1.32.2083,Cannot Choose Songs on Free,10
9.1.32.2083,Cannot Reorder Playlist,1
9.1.32.2083,Charged During Free Trial,1
9.1.32.2083,Chromecast and Device Casting,1
9.1.32.2083,Excessive Ads Frequency,4
9.1.32.2083,False Offline Status,4
9.1.32.2083,Family and Duo Plan Issues,1
9.1.32.2083,Forced to Pay for Features,22
9.1.32.2083,Free Version Too Restricted,1
9.1.32.2083,General App Dissatisfaction,252
9.1.32.2083,Liked Songs Disappearing,1
9.1.32.2083,Login and Account Issues,21
9.1.32.2083,Missing Lossless Audio,1
9.1.32.2083,Missing New Releases Feature,4
9.1.32.2083,Missing or Wrong Lyrics,4
9.1.32.2083,Offline Mode Not Working,8
9.1.32.2083,Payment Not Processed,3
9.1.32.2083,Playlist Management Issues,5
9.1.32.2083,Podcast Playback Issues,5
9.1.32.2083,Poor Music Recommendations,5
9.1.32.2083,Premium Pricing and Ads,4
9.1.32.2083,Price Increase Complaints,1
9.1.32.2083,Queue Management Issues,1
9.1.32.2083,Search Function Issues,1
9.1.32.2083,Shuffle Algorithm,22
9.1.32.2083,Skip Limit on Free,1
9.1.32.2083,Subscription Cancellation Issues,2
9.1.32.2083,Subscription and Payment Issues,10
9.1.32.2083,Unwanted Videos on Home Screen,4
9.1.34.2048,Ads and Premium Upsell,1
9.1.34.2048,App Crashes and Bugs,2
9.1.34.2048,General App Dissatisfaction,6
9.1.34.2060,AI DJ and AI Artists,22
9.1.34.2060,Ads and Premium Upsell,236
9.1.34.2060,Ads on Premium and Podcasts,12
9.1.34.2060,App Crashes and Bugs,41
9.1.34.2060,App Force Closing in Background,1
9.1.34.2060,App Getting Worse with Updates,4
9.1.34.2060,App Slowness and Lag,4
9.1.34.2060,Audiobook Issues,4
9.1.34.2060,Bluetooth and Car Integration,7
9.1.34.2060,Cannot Choose Songs on Free,8
9.1.34.2060,Cannot Reorder Playlist,5
9.1.34.2060,Chromecast and Device Casting,2
9.1.34.2060,Excessive Ads Frequency,4
9.1.34.2060,False Offline Status,4
9.1.34.2060,Family and Duo Plan Issues,1
9.1.34.2060,Forced to Pay for Features,17
9.1.34.2060,Free Version Too Restricted,4
9.1.34.2060,General App Dissatisfaction,341
9.1.34.2060,Liked Songs Disappearing,3
9.1.34.2060,Login and Account Issues,7
9.1.34.2060,Missing Lossless Audio,1
9.1.34.2060,Missing New Releases Feature,9
9.1.34.2060,Missing or Wrong Lyrics,4
9.1.34.2060,Offline Mode Not Working,6
9.1.34.2060,Playlist Management Issues,4
9.1.34.2060,Podcast Playback Issues,12
9.1.34.2060,Poor Music Recommendations,4
9.1.34.2060,Premium Pricing and Ads,13
9.1.34.2060,Price Increase Complaints,5
9.1.34.2060,Queue Management Issues,3
9.1.34.2060,Shuffle Algorithm,23
9.1.34.2060,Skip Limit on Free,6
9.1.34.2060,Subscription Cancellation Issues,5
9.1.34.2060,Subscription and Payment Issues,25
9.1.34.2060,Unwanted Videos on Home Screen,3
9.1.36.1938,Ads and Premium Upsell,3
9.1.36.1938,Family and Duo Plan Issues,1
9.1.36.1938,General App Dissatisfaction,2
9.1.36.1938,Missing New Releases Feature,1
9.1.36.1945,Ads and Premium Upsell,1
9.1.36.1948,AI DJ and AI Artists,23
9.1.36.1948,Ads and Premium Upsell,154
9.1.36.1948,Ads on Premium and Podcasts,10
9.1.36.1948,App Crashes and Bugs,28
9.1.36.1948,App Force Closing in Background,1
9.1.36.1948,App Getting Worse with Updates,3
9.1.36.1948,App Slowness and Lag,6
9.1.36.1948,App Won't Load or Connect,1
9.1.36.1948,Audiobook Issues,4
9.1.36.1948,Bluetooth and Car Integration,2
9.1.36.1948,Cannot Choose Songs on Free,3
9.1.36.1948,Chromecast and Device Casting,1
9.1.36.1948,Excessive Ads Frequency,5
9.1.36.1948,False Offline Status,5
9.1.36.1948,Family and Duo Plan Issues,4
9.1.36.1948,Forced to Pay for Features,8
9.1.36.1948,Free Version Too Restricted,2
9.1.36.1948,General App Dissatisfaction,173
9.1.36.1948,Liked Songs Disappearing,5
9.1.36.1948,Login and Account Issues,5
9.1.36.1948,Missing New Releases Feature,7
9.1.36.1948,Missing or Wrong Lyrics,5
9.1.36.1948,Offline Mode Not Working,7
9.1.36.1948,Payment Not Processed,1
9.1.36.1948,Playlist Management Issues,4
9.1.36.1948,Podcast Playback Issues,5
9.1.36.1948,Poor Music Recommendations,2
9.1.36.1948,Premium Pricing and Ads,9
9.1.36.1948,Queue Management Issues,1
9.1.36.1948,Shuffle Algorithm,17
9.1.36.1948,Skip Limit on Free,1
9.1.36.1948,Subscription and Payment Issues,14
9.1.36.1948,Unwanted Videos on Home Screen,1
9.1.36.1948,Widget Issues,4
9.1.38.1610,Ads and Premium Upsell,2
9.1.4.1171,AI DJ and AI Artists,2
9.1.4.1171,Ads and Premium Upsell,1
9.1.4.1171,App Slowness and Lag,1
9.1.4.1171,General App Dissatisfaction,4
9.1.4.1171,Shuffle Algorithm,1
9.1.4.1171,Subscription and Payment Issues,1
9.1.40.1482,AI DJ and AI Artists,1
9.1.40.1482,App Crashes and Bugs,1
9.1.40.1482,Cannot Choose Songs on Free,1
9.1.40.1482,General App Dissatisfaction,1
9.1.40.1486,AI DJ and AI Artists,12
9.1.40.1486,Ads and Premium Upsell,112
9.1.40.1486,Ads on Premium and Podcasts,7
9.1.40.1486,App Crashes and Bugs,20
9.1.40.1486,App Getting Worse with Updates,2
9.1.40.1486,App Slowness and Lag,2
9.1.40.1486,App Won't Load or Connect,1
9.1.40.1486,Audiobook Issues,4
9.1.40.1486,Bluetooth and Car Integration,2
9.1.40.1486,Cannot Choose Songs on Free,9
9.1.40.1486,Cannot Reorder Playlist,1
9.1.40.1486,Chromecast and Device Casting,3
9.1.40.1486,Excessive Ads Frequency,2
9.1.40.1486,False Offline Status,3
9.1.40.1486,Forced to Pay for Features,3
9.1.40.1486,General App Dissatisfaction,148
9.1.40.1486,Liked Songs Disappearing,2
9.1.40.1486,Login and Account Issues,5
9.1.40.1486,Missing New Releases Feature,3
9.1.40.1486,Missing or Wrong Lyrics,2
9.1.40.1486,Offline Mode Not Working,6
9.1.40.1486,Playlist Management Issues,3
9.1.40.1486,Podcast Playback Issues,1
9.1.40.1486,Premium Pricing and Ads,6
9.1.40.1486,Price Increase Complaints,1
9.1.40.1486,Queue Management Issues,15
9.1.40.1486,Search Function Issues,3
9.1.40.1486,Shuffle Algorithm,10
9.1.40.1486,Skip Limit on Free,2
9.1.40.1486,Subscription and Payment Issues,15
9.1.40.1486,Unwanted Videos on Home Screen,5
9.1.40.1486,Widget Issues,4
9.1.42.2058,AI DJ and AI Artists,31
9.1.42.2058,Ads and Premium Upsell,188
9.1.42.2058,Ads on Premium and Podcasts,16
9.1.42.2058,App Crashes and Bugs,36
9.1.42.2058,App Force Closing in Background,1
9.1.42.2058,App Getting Worse with Updates,2
9.1.42.2058,App Slowness and Lag,8
9.1.42.2058,Audiobook Issues,4
9.1.42.2058,Bluetooth and Car Integration,4
9.1.42.2058,Cannot Choose Songs on Free,8
9.1.42.2058,Cannot Reorder Playlist,4
9.1.42.2058,Charged During Free Trial,2
9.1.42.2058,Chromecast and Device Casting,2
9.1.42.2058,Excessive Ads Frequency,8
9.1.42.2058,False Offline Status,5
9.1.42.2058,Forced to Pay for Features,9
9.1.42.2058,Free Version Too Restricted,1
9.1.42.2058,General App Dissatisfaction,274
9.1.42.2058,Liked Songs Disappearing,5
9.1.42.2058,Login and Account Issues,14
9.1.42.2058,Missing Lossless Audio,4
9.1.42.2058,Missing New Releases Feature,2
9.1.42.2058,Missing or Wrong Lyrics,4
9.1.42.2058,Offline Mode Not Working,5
9.1.42.2058,Payment Not Processed,5
9.1.42.2058,Playlist Management Issues,4
9.1.42.2058,Podcast Playback Issues,12
9.1.42.2058,Poor Music Recommendations,1
9.1.42.2058,Premium Pricing and Ads,8
9.1.42.2058,Queue Management Issues,5
9.1.42.2058,Shuffle Algorithm,22
9.1.42.2058,Skip Limit on Free,4
9.1.42.2058,Subscription Cancellation Issues,1
9.1.42.2058,Subscription and Payment Issues,22
9.1.42.2058,Unwanted Videos on Home Screen,4
9.1.42.2058,Widget Issues,10
9.1.44.1711,Chromecast and Device Casting,1
9.1.44.2104,Ads and Premium Upsell,2
9.1.44.2104,Ads on Premium and Podcasts,1
9.1.44.2104,App Crashes and Bugs,1
9.1.44.2104,False Offline Status,1
9.1.44.2104,General App Dissatisfaction,3
9.1.44.2104,Missing Lossless Audio,1
9.1.44.2104,Podcast Playback Issues,2
9.1.44.2104,Shuffle Algorithm,1
9.1.44.2104,Subscription and Payment Issues,1
9.1.44.2104,Widget Issues,1
9.1.44.2120,AI DJ and AI Artists,57
9.1.44.2120,Ads and Premium Upsell,328
9.1.44.2120,Ads on Premium and Podcasts,21
9.1.44.2120,App Crashes and Bugs,131
9.1.44.2120,App Force Closing in Background,1
9.1.44.2120,App Getting Worse with Updates,7
9.1.44.2120,App Slowness and Lag,22
9.1.44.2120,App Won't Load or Connect,6
9.1.44.2120,Audiobook Issues,16
9.1.44.2120,Bluetooth and Car Integration,10
9.1.44.2120,Cannot Choose Songs on Free,15
9.1.44.2120,Cannot Reorder Playlist,6
9.1.44.2120,Charged During Free Trial,1
9.1.44.2120,Chromecast and Device Casting,37
9.1.44.2120,Excessive Ads Frequency,13
9.1.44.2120,False Offline Status,37
9.1.44.2120,Family and Duo Plan Issues,3
9.1.44.2120,Forced to Pay for Features,24
9.1.44.2120,Free Version Too Restricted,14
9.1.44.2120,General App Dissatisfaction,510
9.1.44.2120,Liked Songs Disappearing,2
9.1.44.2120,Login and Account Issues,39
9.1.44.2120,Missing Lossless Audio,2
9.1.44.2120,Missing New Releases Feature,4
9.1.44.2120,Missing or Wrong Lyrics,10
9.1.44.2120,Offline Mode Not Working,21
9.1.44.2120,Payment Not Processed,4
9.1.44.2120,Playlist Management Issues,12
9.1.44.2120,Podcast Playback Issues,15
9.1.44.2120,Poor Music Recommendations,1
9.1.44.2120,Premium Pricing and Ads,10
9.1.44.2120,Price Increase Complaints,2
9.1.44.2120,Queue Management Issues,6
9.1.44.2120,Search Function Issues,6
9.1.44.2120,Shuffle Algorithm,52
9.1.44.2120,Skip Limit on Free,9
9.1.44.2120,Subscription and Payment Issues,38
9.1.44.2120,Unwanted Videos on Home Screen,4
9.1.44.2120,Widget Issues,19
9.1.46.1922,AI DJ and AI Artists,3
9.1.46.1922,Ads and Premium Upsell,2
9.1.46.1922,Ads on Premium and Podcasts,1
9.1.46.1922,App Crashes and Bugs,7
9.1.46.1922,App Won't Load or Connect,1
9.1.46.1922,Chromecast and Device Casting,5
9.1.46.1922,False Offline Status,4
9.1.46.1922,Forced to Pay for Features,1
9.1.46.1922,General App Dissatisfaction,18
9.1.46.1922,Liked Songs Disappearing,1
9.1.46.1922,Login and Account Issues,2
9.1.46.1922,Offline Mode Not Working,1
9.1.46.1922,Search Function Issues,1
9.1.46.1922,Shuffle Algorithm,1
9.1.46.1922,Subscription and Payment Issues,1
9.1.46.1922,Widget Issues,1
9.1.46.1934,App Crashes and Bugs,1
9.1.46.1934,General App Dissatisfaction,1
9.1.46.1936,Ads and Premium Upsell,5
9.1.46.1936,App Crashes and Bugs,28
9.1.46.1936,False Offline Status,1
9.1.46.1936,General App Dissatisfaction,38
9.1.46.1936,Login and Account Issues,4
9.1.46.1936,Subscription and Payment Issues,1
9.1.48.1656,AI DJ and AI Artists,1
9.1.48.1656,App Crashes and Bugs,6
9.1.48.1656,App Slowness and Lag,1
9.1.48.1656,Chromecast and Device Casting,1
9.1.48.1656,False Offline Status,3
9.1.48.1656,General App Dissatisfaction,6
9.1.48.1656,Login and Account Issues,1
9.1.48.1656,Premium Pricing and Ads,1
9.1.48.1656,Search Function Issues,1
9.1.48.1656,Subscription and Payment Issues,1
9.1.48.1656,Widget Issues,1
9.1.48.1661,Ads and Premium Upsell,5
9.1.48.1661,App Crashes and Bugs,27
9.1.48.1661,App Won't Load or Connect,1
9.1.48.1661,Audiobook Issues,1
9.1.48.1661,False Offline Status,1
9.1.48.1661,Free Version Too Restricted,1
9.1.48.1661,General App Dissatisfaction,27
9.1.48.1661,Liked Songs Disappearing,3
9.1.48.1661,Login and Account Issues,4
9.1.48.1661,Offline Mode Not Working,1
9.1.48.1661,Queue Management Issues,1
9.1.48.1661,Shuffle Algorithm,2
9.1.48.1661,Skip Limit on Free,1
9.1.48.1661,Subscription and Payment Issues,1
9.1.48.1661,Widget Issues,1
9.1.48.1662,General App Dissatisfaction,2
9.1.48.1663,AI DJ and AI Artists,20
9.1.48.1663,Ads and Premium Upsell,34
9.1.48.1663,Ads on Premium and Podcasts,3
9.1.48.1663,App Crashes and Bugs,12
9.1.48.1663,App Getting Worse with Updates,1
9.1.48.1663,App Slowness and Lag,3
9.1.48.1663,Audiobook Issues,1
9.1.48.1663,Bluetooth and Car Integration,1
9.1.48.1663,Cannot Choose Songs on Free,1
9.1.48.1663,Cannot Reorder Playlist,1
9.1.48.1663,Chromecast and Device Casting,1
9.1.48.1663,False Offline Status,2
9.1.48.1663,Forced to Pay for Features,2
9.1.48.1663,General App Dissatisfaction,43
9.1.48.1663,Liked Songs Disappearing,1
9.1.48.1663,Login and Account Issues,3
9.1.48.1663,Playlist Management Issues,2
9.1.48.1663,Podcast Playback Issues,2
9.1.48.1663,Premium Pricing and Ads,2
9.1.48.1663,Price Increase Complaints,1
9.1.48.1663,Queue Management Issues,1
9.1.48.1663,Shuffle Algorithm,2
9.1.48.1663,Skip Limit on Free,1
9.1.48.1663,Subscription Cancellation Issues,1
9.1.48.1663,Subscription and Payment Issues,5
9.1.48.1663,Unwanted Videos on Home Screen,2
9.1.48.1663,Widget Issues,2
9.1.50.1903,Ads and Premium Upsell,2
9.1.50.1903,Ads on Premium and Podcasts,1
9.1.50.1903,App Crashes and Bugs,1
9.1.50.1903,General App Dissatisfaction,3
9.1.50.1903,Shuffle Algorithm,1
9.1.50.1906,AI DJ and AI Artists,40
9.1.50.1906,Ads and Premium Upsell,143
9.1.50.1906,Ads on Premium and Podcasts,7
9.1.50.1906,App Crashes and Bugs,37
9.1.50.1906,App Force Closing in Background,2
9.1.50.1906,App Getting Worse with Updates,3
9.1.50.1906,App Slowness and Lag,6
9.1.50.1906,Audiobook Issues,11
9.1.50.1906,Bluetooth and Car Integration,2
9.1.50.1906,Cannot Choose Songs on Free,4
9.1.50.1906,Cannot Reorder Playlist,2
9.1.50.1906,Chromecast and Device Casting,2
9.1.50.1906,Excessive Ads Frequency,3
9.1.50.1906,False Offline Status,3
9.1.50.1906,Forced to Pay for Features,11
9.1.50.1906,Free Version Too Restricted,5
9.1.50.1906,General App Dissatisfaction,173
9.1.50.1906,Login and Account Issues,3
9.1.50.1906,Missing New Releases Feature,3
9.1.50.1906,Missing or Wrong Lyrics,1
9.1.50.1906,Offline Mode Not Working,4
9.1.50.1906,Podcast Playback Issues,4
9.1.50.1906,Poor Music Recommendations,2
9.1.50.1906,Premium Pricing and Ads,11
9.1.50.1906,Price Increase Complaints,2
9.1.50.1906,Queue Management Issues,2
9.1.50.1906,Shuffle Algorithm,17
9.1.50.1906,Skip Limit on Free,2
9.1.50.1906,Subscription Cancellation Issues,2
9.1.50.1906,Subscription and Payment Issues,13
9.1.50.1906,Widget Issues,4
9.1.52.1388,AI DJ and AI Artists,1
9.1.52.1388,Ads and Premium Upsell,1
9.1.52.1388,App Crashes and Bugs,3
9.1.52.1388,App Slowness and Lag,1
9.1.52.1388,Audiobook Issues,1
9.1.52.1388,General App Dissatisfaction,8
9.1.52.1388,Shuffle Algorithm,1
9.1.52.1388,Skip Limit on Free,1
9.1.52.1388,Widget Issues,3
9.1.52.1394,AI DJ and AI Artists,53
9.1.52.1394,Ads and Premium Upsell,359
9.1.52.1394,Ads on Premium and Podcasts,23
9.1.52.1394,App Crashes and Bugs,117
9.1.52.1394,App Force Closing in Background,3
9.1.52.1394,App Getting Worse with Updates,7
9.1.52.1394,App Slowness and Lag,13
9.1.52.1394,App Won't Load or Connect,2
9.1.52.1394,Audiobook Issues,16
9.1.52.1394,Bluetooth and Car Integration,14
9.1.52.1394,Cannot Choose Songs on Free,13
9.1.52.1394,Cannot Reorder Playlist,6
9.1.52.1394,Charged During Free Trial,4
9.1.52.1394,Chromecast and Device Casting,1
9.1.52.1394,Excessive Ads Frequency,1
9.1.52.1394,False Offline Status,9
9.1.52.1394,Family and Duo Plan Issues,3
9.1.52.1394,Forced to Pay for Features,23
9.1.52.1394,Free Version Too Restricted,4
9.1.52.1394,General App Dissatisfaction,508
9.1.52.1394,Liked Songs Disappearing,2
9.1.52.1394,Login and Account Issues,15
9.1.52.1394,Missing Lossless Audio,6
9.1.52.1394,Missing or Wrong Lyrics,11
9.1.52.1394,Offline Mode Not Working,25
9.1.52.1394,Payment Not Processed,7
9.1.52.1394,Playlist Management Issues,8
9.1.52.1394,Podcast Playback Issues,14
9.1.52.1394,Poor Music Recommendations,2
9.1.52.1394,Premium Pricing and Ads,16
9.1.52.1394,Price Increase Complaints,3
9.1.52.1394,Queue Management Issues,11
9.1.52.1394,Search Function Issues,2
9.1.52.1394,Shuffle Algorithm,56
9.1.52.1394,Skip Limit on Free,6
9.1.52.1394,Subscription Cancellation Issues,1
9.1.52.1394,Subscription and Payment Issues,47
9.1.52.1394,Unwanted Videos on Home Screen,1
9.1.52.1394,Widget Issues,296
9.1.56.571,App Crashes and Bugs,1
9.1.56.574,AI DJ and AI Artists,12
9.1.56.574,Ads and Premium Upsell,65
9.1.56.574,Ads on Premium and Podcasts,6
9.1.56.574,App Crashes and Bugs,28
9.1.56.574,App Slowness and Lag,4
9.1.56.574,App Won't Load or Connect,4
9.1.56.574,Audiobook Issues,3
9.1.56.574,Bluetooth and Car Integration,1
9.1.56.574,Cannot Choose Songs on Free,2
9.1.56.574,Excessive Ads Frequency,2
9.1.56.574,False Offline Status,3
9.1.56.574,Forced to Pay for Features,4
9.1.56.574,Free Version Too Restricted,2
9.1.56.574,General App Dissatisfaction,97
9.1.56.574,Liked Songs Disappearing,1
9.1.56.574,Login and Account Issues,3
9.1.56.574,Offline Mode Not Working,3
9.1.56.574,Playlist Management Issues,1
9.1.56.574,Podcast Playback Issues,3
9.1.56.574,Premium Pricing and Ads,2
9.1.56.574,Queue Management Issues,4
9.1.56.574,Search Function Issues,2
9.1.56.574,Shuffle Algorithm,8
9.1.56.574,Skip Limit on Free,2
9.1.56.574,Subscription and Payment Issues,13
9.1.56.574,Widget Issues,60
9.1.58.1114,General App Dissatisfaction,1
9.1.58.1550,App Crashes and Bugs,1
9.1.58.1550,App Force Closing in Background,1
9.1.58.1550,General App Dissatisfaction,2
9.1.58.1550,Widget Issues,6
9.1.58.1567,AI DJ and AI Artists,23
9.1.58.1567,Ads and Premium Upsell,113
9.1.58.1567,Ads on Premium and Podcasts,12
9.1.58.1567,App Crashes and Bugs,98
9.1.58.1567,App Force Closing in Background,9
9.1.58.1567,App Getting Worse with Updates,4
9.1.58.1567,App Slowness and Lag,7
9.1.58.1567,App Won't Load or Connect,1
9.1.58.1567,Audiobook Issues,2
9.1.58.1567,Bluetooth and Car Integration,2
9.1.58.1567,Cannot Choose Songs on Free,7
9.1.58.1567,Cannot Reorder Playlist,4
9.1.58.1567,Charged During Free Trial,1
9.1.58.1567,Chromecast and Device Casting,2
9.1.58.1567,Excessive Ads Frequency,1
9.1.58.1567,False Offline Status,1
9.1.58.1567,Family and Duo Plan Issues,2
9.1.58.1567,Forced to Pay for Features,8
9.1.58.1567,Free Version Too Restricted,2
9.1.58.1567,General App Dissatisfaction,192
9.1.58.1567,Liked Songs Disappearing,1
9.1.58.1567,Login and Account Issues,9
9.1.58.1567,Missing Lossless Audio,1
9.1.58.1567,Missing or Wrong Lyrics,4
9.1.58.1567,Offline Mode Not Working,4
9.1.58.1567,Payment Not Processed,4
9.1.58.1567,Playlist Management Issues,4
9.1.58.1567,Podcast Playback Issues,8
9.1.58.1567,Premium Pricing and Ads,3
9.1.58.1567,Queue Management Issues,2
9.1.58.1567,Search Function Issues,1
9.1.58.1567,Shuffle Algorithm,13
9.1.58.1567,Skip Limit on Free,2
9.1.58.1567,Subscription and Payment Issues,10
9.1.58.1567,Widget Issues,76
9.1.6.1139,AI DJ and AI Artists,1
9.1.6.1139,Ads and Premium Upsell,2
9.1.6.1139,App Crashes and Bugs,1
9.1.6.1139,General App Dissatisfaction,4
9.1.6.1139,Subscription and Payment Issues,2
9.1.6.1145,Ads and Premium Upsell,7
9.1.6.1145,App Crashes and Bugs,7
9.1.6.1145,Bluetooth and Car Integration,1
9.1.6.1145,Cannot Choose Songs on Free,1
9.1.6.1145,Forced to Pay for Features,1
9.1.6.1145,General App Dissatisfaction,14
9.1.6.1145,Liked Songs Disappearing,1
9.1.6.1145,Login and Account Issues,1
9.1.6.1145,Playlist Management Issues,2
9.1.6.1145,Subscription and Payment Issues,3
9.1.6.1145,Unwanted Videos on Home Screen,1
9.1.60.1962,Ads and Premium Upsell,1
9.1.60.1962,App Crashes and Bugs,1
9.1.60.1962,General App Dissatisfaction,4
9.1.60.1962,Login and Account Issues,2
9.1.60.1962,Missing New Releases Feature,1
9.1.60.1962,Widget Issues,4
9.1.60.1970,AI DJ and AI Artists,24
9.1.60.1970,Ads and Premium Upsell,133
9.1.60.1970,Ads on Premium and Podcasts,9
9.1.60.1970,App Crashes and Bugs,72
9.1.60.1970,App Force Closing in Background,2
9.1.60.1970,App Getting Worse with Updates,4
9.1.60.1970,App Slowness and Lag,7
9.1.60.1970,App Won't Load or Connect,1
9.1.60.1970,Audiobook Issues,5
9.1.60.1970,Bluetooth and Car Integration,6
9.1.60.1970,Cannot Choose Songs on Free,4
9.1.60.1970,Cannot Reorder Playlist,3
9.1.60.1970,Charged During Free Trial,1
9.1.60.1970,Chromecast and Device Casting,1
9.1.60.1970,Excessive Ads Frequency,4
9.1.60.1970,False Offline Status,5
9.1.60.1970,Family and Duo Plan Issues,1
9.1.60.1970,Forced to Pay for Features,9
9.1.60.1970,Free Version Too Restricted,5
9.1.60.1970,General App Dissatisfaction,203
9.1.60.1970,Login and Account Issues,6
9.1.60.1970,Missing New Releases Feature,1
9.1.60.1970,Missing or Wrong Lyrics,3
9.1.60.1970,Offline Mode Not Working,7
9.1.60.1970,Payment Not Processed,2
9.1.60.1970,Playlist Management Issues,7
9.1.60.1970,Podcast Playback Issues,11
9.1.60.1970,Poor Music Recommendations,2
9.1.60.1970,Premium Pricing and Ads,6
9.1.60.1970,Queue Management Issues,6
9.1.60.1970,Shuffle Algorithm,18
9.1.60.1970,Skip Limit on Free,3
9.1.60.1970,Subscription Cancellation Issues,1
9.1.60.1970,Subscription and Payment Issues,19
9.1.60.1970,Widget Issues,78
9.1.62.1598,General App Dissatisfaction,1
9.1.62.1601,AI DJ and AI Artists,11
9.1.62.1601,Ads and Premium Upsell,57
9.1.62.1601,Ads on Premium and Podcasts,2
9.1.62.1601,App Crashes and Bugs,17
9.1.62.1601,App Getting Worse with Updates,1
9.1.62.1601,App Slowness and Lag,3
9.1.62.1601,Audiobook Issues,1
9.1.62.1601,Cannot Choose Songs on Free,3
9.1.62.1601,Cannot Reorder Playlist,1
9.1.62.1601,Charged During Free Trial,1
9.1.62.1601,Excessive Ads Frequency,1
9.1.62.1601,False Offline Status,1
9.1.62.1601,Forced to Pay for Features,4
9.1.62.1601,Free Version Too Restricted,1
9.1.62.1601,General App Dissatisfaction,85
9.1.62.1601,Liked Songs Disappearing,2
9.1.62.1601,Login and Account Issues,4
9.1.62.1601,Missing or Wrong Lyrics,4
9.1.62.1601,Offline Mode Not Working,2
9.1.62.1601,Playlist Management Issues,2
9.1.62.1601,Podcast Playback Issues,1
9.1.62.1601,Poor Music Recommendations,1
9.1.62.1601,Premium Pricing and Ads,4
9.1.62.1601,Shuffle Algorithm,5
9.1.62.1601,Subscription and Payment Issues,5
9.1.62.1601,Widget Issues,11
9.1.64.611,General App Dissatisfaction,1
